<?xml version="1.0" encoding="UTF-8"?>
<jcr:root xmlns:jcr="http://www.jcp.org/jcr/1.0" xmlns:nt="http://www.jcp.org/jcr/nt/1.0" xmlns:granite="http://www.adobe.com/jcr/granite/1.0" xmlns:cq="http://www.day.com/jcr/cq/1.0" xmlns:sling="http://sling.apache.org/jcr/sling/1.0"
    jcr:primaryType="nt:unstructured"
    jcr:title="Author Books"
    sling:resourceType="cq/gui/components/authoring/dialog">
    <content
        granite:class="cmp-author_editor"
        jcr:primaryType="nt:unstructured"
        sling:resourceType="granite/ui/components/coral/foundation/fixedcolumns">
        <items jcr:primaryType="nt:unstructured">
            <tabs
                jcr:primaryType="nt:unstructured"
                sling:resourceType="granite/ui/components/coral/foundation/tabs"
                maximized="{Boolean}true">
                <items jcr:primaryType="nt:unstructured">
                    <multifieldwithbean
                        jcr:primaryType="nt:unstructured"
                        jcr:title="Multifield With Bean"
                        sling:resourceType="granite/ui/components/coral/foundation/container">
                        <items jcr:primaryType="nt:unstructured">
                            <well
                                jcr:primaryType="nt:unstructured"
                                sling:resourceType="granite/ui/components/coral/foundation/well"
                                fieldLabel="Book Details">
                                <items jcr:primaryType="nt:unstructured">
                                    <bookdetailswithbean
                                        jcr:primaryType="nt:unstructured"
                                        sling:resourceType="granite/ui/components/coral/foundation/form/multifield"
                                        composite="{Boolean}true"
                                        fieldDescription="Books Details"
                                        fieldLabel="Book Details"
                                        required="{Boolean}false">
                                        <field
                                            jcr:primaryType="nt:unstructured"
                                            sling:resourceType="granite/ui/components/coral/foundation/container"
                                            emptyText="Books Details"
                                            name="./bookdetailswithbean">
                                            <items jcr:primaryType="nt:unstructured">
                                                <bookname
                                                    jcr:primaryType="nt:unstructured"
                                                    sling:resourceType="granite/ui/components/coral/foundation/form/textfield"
                                                    emptyText="Book Name"
                                                    fieldLabel="Book Name"
                                                    name="./bookname"/>
                                                <properties
                                                    jcr:primaryType="nt:unstructured"
                                                    jcr:title="Properties"
                                                    sling:resourceType="granite/ui/components/coral/foundation/container"
                                                    margin="{Boolean}true">
                                                    <items jcr:primaryType="nt:unstructured">
                                                        <columns
                                                            jcr:primaryType="nt:unstructured"
                                                            sling:resourceType="granite/ui/components/coral/foundation/fixedcolumns"
                                                            margin="{Boolean}true">
                                                            <items jcr:primaryType="nt:unstructured">
                                                                <column
                                                                    granite:class="cq-RichText-FixedColumn-column"
                                                                    jcr:primaryType="nt:unstructured"
                                                                    sling:resourceType="granite/ui/components/coral/foundation/container">
                                                                    <items jcr:primaryType="nt:unstructured">
                                                                        <text
                                                                            jcr:primaryType="nt:unstructured"
                                                                            sling:resourceType="cq/gui/components/authoring/dialog/richtext"
                                                                            name="./text"
                                                                            useFixedInlineToolbar="{Boolean}true">
                                                                            <rtePlugins jcr:primaryType="nt:unstructured">
                                                                                <format
                                                                                    jcr:primaryType="nt:unstructured"
                                                                                    features="*"/>
                                                                                <justify
                                                                                    jcr:primaryType="nt:unstructured"
                                                                                    features="*"/>
                                                                                <lists
                                                                                    jcr:primaryType="nt:unstructured"
                                                                                    features="*"/>
                                                                                <paraformat
                                                                                    jcr:primaryType="nt:unstructured"
                                                                                    features="*"/>
                                                                                <links
                                                                                    jcr:primaryType="nt:unstructured"
                                                                                    features="*"/>
                                                                                <image
                                                                                    jcr:primaryType="nt:unstructured"
                                                                                    features="*"/>
                                                                                <findreplace
                                                                                    jcr:primaryType="nt:unstructured"
                                                                                    features="*"/>
                                                                                <subsuperscript
                                                                                    jcr:primaryType="nt:unstructured"
                                                                                    features="*"/>
                                                                                <spellcheck
                                                                                    jcr:primaryType="nt:unstructured"
                                                                                    features="*"/>
                                                                                <misctools
                                                                                    jcr:primaryType="nt:unstructured"
                                                                                    features="*">
                                                                                    <specialCharsConfig jcr:primaryType="nt:unstructured">
                                                                                        <chars jcr:primaryType="nt:unstructured">
                                                                                            <copyright
                                                                                                jcr:primaryType="nt:unstructured"
                                                                                                entity="&amp;#169;"/>
                                                                                            <trademark
                                                                                                jcr:primaryType="nt:unstructured"
                                                                                                entity="&amp;#8482;"/>
                                                                                            <registered
                                                                                                jcr:primaryType="nt:unstructured"
                                                                                                entity="&amp;#174;"/>
                                                                                            <emDash
                                                                                                jcr:primaryType="nt:unstructured"
                                                                                                entity="&amp;#8212;"/>
                                                                                            <pound
                                                                                                jcr:primaryType="nt:unstructured"
                                                                                                entity="&amp;#163;"/>
                                                                                            <nbsp
                                                                                                jcr:primaryType="nt:unstructured"
                                                                                                entity="&amp;#160;"/>
                                                                                        </chars>
                                                                                    </specialCharsConfig>
                                                                                </misctools>
                                                                                <styles
                                                                                    jcr:primaryType="nt:unstructured"
                                                                                    features="*">
                                                                                    <styles jcr:primaryType="nt:unstructured">
                                                                                        <plainSpan
                                                                                            jcr:primaryType="nt:unstructured"
                                                                                            cssName="defaultSpan"
                                                                                            text="Default (add span tag)"/>
                                                                                        <lead
                                                                                            jcr:primaryType="nt:unstructured"
                                                                                            cssName="lead"
                                                                                            text="Lead"/>
                                                                                    </styles>
                                                                                </styles>
                                                                                <table
                                                                                    jcr:primaryType="nt:unstructured"
                                                                                    features="*"/>
                                                                            </rtePlugins>
                                                                            <uiSettings jcr:primaryType="nt:unstructured">
                                                                                <cui jcr:primaryType="nt:unstructured">
                                                                                    <inline
                                                                                        jcr:primaryType="nt:unstructured"
                                                                                        toolbar="[format#bold,format#italic,format#underline,#justify,#lists,subsuperscript#subscript,subsuperscript#superscript,links#modifylink,links#unlink,links#anchor,#image,findreplace#find,findreplace#replace,spellcheck#checktext,misctools#specialchars,misctools#sourceedit,#styles,#paraformat,table#table]">
                                                                                        <popovers jcr:primaryType="nt:unstructured">
                                                                                            <justify
                                                                                                jcr:primaryType="nt:unstructured"
                                                                                                items="[justify#justifyleft,justify#justifycenter,justify#justifyright]"
                                                                                                ref="justify"/>
                                                                                            <lists
                                                                                                jcr:primaryType="nt:unstructured"
                                                                                                items="[lists#unordered,lists#ordered,lists#outdent,lists#indent]"
                                                                                                ref="lists"/>
                                                                                            <paraformat
                                                                                                jcr:primaryType="nt:unstructured"
                                                                                                items="paraformat:getFormats:paraformat-pulldown"
                                                                                                ref="paraformat"/>
                                                                                            <styles
                                                                                                jcr:primaryType="nt:unstructured"
                                                                                                items="styles:getStyles:styles-pulldown"
                                                                                                ref="styles"/>
                                                                                        </popovers>
                                                                                    </inline>
                                                                                    <dialogFullScreen
                                                                                        jcr:primaryType="nt:unstructured"
                                                                                        toolbar="[format#bold,format#italic,format#underline,#justify,#lists,subsuperscript#subscript,subsuperscript#superscript,links#modifylink,links#unlink,links#anchor,#image,findreplace#find,findreplace#replace,spellcheck#checktext,misctools#specialchars,misctools#sourceedit,#styles,#paraformat,table#table]">
                                                                                        <popovers jcr:primaryType="nt:unstructured">
                                                                                            <paraformat
                                                                                                jcr:primaryType="nt:unstructured"
                                                                                                items="paraformat:getFormats:paraformat-pulldown"
                                                                                                ref="paraformat"/>
                                                                                        </popovers>
                                                                                    </dialogFullScreen>
                                                                                    <tableEditOptions
                                                                                        jcr:primaryType="nt:unstructured"
                                                                                        toolbar="[table#insertcolumn-before,table#insertcolumn-after,table#removecolumn,-,table#insertrow-before,table#insertrow-after,table#removerow,-,table#mergecells-right,table#mergecells-down,table#mergecells,table#splitcell-horizontal,table#splitcell-vertical,-,table#selectrow,table#selectcolumn,-,table#ensureparagraph,-,table#modifytableandcell,table#removetable,-,undo#undo,undo#redo,-,table#exitTableEditing,-]"/>
                                                                                </cui>
                                                                            </uiSettings>
                                                                        </text>
                                                                    </items>
                                                                </column>
                                                            </items>
                                                        </columns>
                                                    </items>
                                                </properties>
                                            </items>
                                        </field>
                                    </bookdetailswithbean>
                                </items>
                            </well>
                        </items>
                    </multifieldwithbean>
                </items>
            </tabs>
        </items>
    </content>
</jcr:root>
